{"cameraMode":{"drawMode":0,"name":"Shaded","section":"Shading Mode"},"sceneLighting":true,"audioPlay":false,"sceneViewState":{"m_AlwaysRefresh":false,"showFog":true,"showSkybox":true,"showFlares":true,"showImageEffects":true,"showParticleSystems":true,"showVisualEffectGraphs":true,"m_FxEnabled":true},"in2DMode":false,"pivot":{"x":711.2113647460938,"y":849.5338134765625,"z":-707.098388671875},"rotation":{"x":-0.06444530934095383,"y":-0.017970487475395204,"z":0.0011611750815063716,"w":-0.9977635145187378},"size":396.4634704589844,"orthographic":false}